2025-07-29T17:16:44.192Z,DDoS Shield API - Traffic Enhancer,"https://ddosshield3-qa.eaiti.com/api/trafficenhancer",GET,106,200,true,,"LoadTester-DDoS Shield API - Traffic Enhancer-User-0"
2025-07-29T17:16:44.300Z,DDoS Shield API - Traffic Enhancer,"https://ddosshield3-qa.eaiti.com/api/trafficenhancer",GET,48,200,true,,"LoadTester-DDoS Shield API - Traffic Enhancer-User-2"
2025-07-29T17:16:44.291Z,DDoS Shield API - Traffic Enhancer,"https://ddosshield3-qa.eaiti.com/api/trafficenhancer",GET,106,200,true,,"LoadTester-DDoS Shield API - Traffic Enhancer-User-1"
2025-07-29T17:16:44.304Z,DDoS Shield API - Traffic Enhancer,"https://ddosshield3-qa.eaiti.com/api/trafficenhancer",GET,122,200,true,,"LoadTester-DDoS Shield API - Traffic Enhancer-User-4"
2025-07-29T17:16:44.308Z,DDoS Shield API - Traffic Enhancer,"https://ddosshield3-qa.eaiti.com/api/trafficenhancer",GET,126,200,true,,"LoadTester-DDoS Shield API - Traffic Enhancer-User-7"
2025-07-29T17:16:44.319Z,DDoS Shield API - Traffic Enhancer,"https://ddosshield3-qa.eaiti.com/api/trafficenhancer",GET,116,200,true,,"LoadTester-DDoS Shield API - Traffic Enhancer-User-10"
2025-07-29T17:16:44.312Z,DDoS Shield API - Traffic Enhancer,"https://ddosshield3-qa.eaiti.com/api/trafficenhancer",GET,124,200,true,,"LoadTester-DDoS Shield API - Traffic Enhancer-User-9"
2025-07-29T17:16:44.307Z,DDoS Shield API - Traffic Enhancer,"https://ddosshield3-qa.eaiti.com/api/trafficenhancer",GET,132,200,true,,"LoadTester-DDoS Shield API - Traffic Enhancer-User-6"
2025-07-29T17:16:44.339Z,DDoS Shield API - Traffic Enhancer,"https://ddosshield3-qa.eaiti.com/api/trafficenhancer",GET,102,200,true,,"LoadTester-DDoS Shield API - Traffic Enhancer-User-24"
2025-07-29T17:16:44.305Z,DDoS Shield API - Traffic Enhancer,"https://ddosshield3-qa.eaiti.com/api/trafficenhancer",GET,136,200,true,,"LoadTester-DDoS Shield API - Traffic Enhancer-User-5"
2025-07-29T17:16:44.323Z,DDoS Shield API - Traffic Enhancer,"https://ddosshield3-qa.eaiti.com/api/trafficenhancer",GET,122,200,true,,"LoadTester-DDoS Shield API - Traffic Enhancer-User-12"
2025-07-29T17:16:44.329Z,DDoS Shield API - Traffic Enhancer,"https://ddosshield3-qa.eaiti.com/api/trafficenhancer",GET,118,200,true,,"LoadTester-DDoS Shield API - Traffic Enhancer-User-19"
2025-07-29T17:16:44.321Z,DDoS Shield API - Traffic Enhancer,"https://ddosshield3-qa.eaiti.com/api/trafficenhancer",GET,126,200,true,,"LoadTester-DDoS Shield API - Traffic Enhancer-User-11"
2025-07-29T17:16:44.310Z,DDoS Shield API - Traffic Enhancer,"https://ddosshield3-qa.eaiti.com/api/trafficenhancer",GET,144,200,true,,"LoadTester-DDoS Shield API - Traffic Enhancer-User-8"
2025-07-29T17:16:44.302Z,DDoS Shield API - Traffic Enhancer,"https://ddosshield3-qa.eaiti.com/api/trafficenhancer",GET,155,200,true,,"LoadTester-DDoS Shield API - Traffic Enhancer-User-3"
2025-07-29T17:16:44.328Z,DDoS Shield API - Traffic Enhancer,"https://ddosshield3-qa.eaiti.com/api/trafficenhancer",GET,1133,200,true,,"LoadTester-DDoS Shield API - Traffic Enhancer-User-18"
2025-07-29T17:16:44.324Z,DDoS Shield API - Traffic Enhancer,"https://ddosshield3-qa.eaiti.com/api/trafficenhancer",GET,1146,200,true,,"LoadTester-DDoS Shield API - Traffic Enhancer-User-13"
2025-07-29T17:16:44.333Z,DDoS Shield API - Traffic Enhancer,"https://ddosshield3-qa.eaiti.com/api/trafficenhancer",GET,2153,200,true,,"LoadTester-DDoS Shield API - Traffic Enhancer-User-20"
2025-07-29T17:16:44.327Z,DDoS Shield API - Traffic Enhancer,"https://ddosshield3-qa.eaiti.com/api/trafficenhancer",GET,2162,200,true,,"LoadTester-DDoS Shield API - Traffic Enhancer-User-17"
2025-07-29T17:16:44.335Z,DDoS Shield API - Traffic Enhancer,"https://ddosshield3-qa.eaiti.com/api/trafficenhancer",GET,2157,200,true,,"LoadTester-DDoS Shield API - Traffic Enhancer-User-21"
2025-07-29T17:16:44.324Z,DDoS Shield API - Traffic Enhancer,"https://ddosshield3-qa.eaiti.com/api/trafficenhancer",GET,2170,200,true,,"LoadTester-DDoS Shield API - Traffic Enhancer-User-14"
2025-07-29T17:16:44.342Z,DDoS Shield API - Traffic Enhancer,"https://ddosshield3-qa.eaiti.com/api/trafficenhancer",GET,3187,200,true,,"LoadTester-DDoS Shield API - Traffic Enhancer-User-27"
2025-07-29T17:16:44.340Z,DDoS Shield API - Traffic Enhancer,"https://ddosshield3-qa.eaiti.com/api/trafficenhancer",GET,3191,200,true,,"LoadTester-DDoS Shield API - Traffic Enhancer-User-25"
2025-07-29T17:16:44.337Z,DDoS Shield API - Traffic Enhancer,"https://ddosshield3-qa.eaiti.com/api/trafficenhancer",GET,3195,200,true,,"LoadTester-DDoS Shield API - Traffic Enhancer-User-23"
2025-07-29T17:16:44.343Z,DDoS Shield API - Traffic Enhancer,"https://ddosshield3-qa.eaiti.com/api/trafficenhancer",GET,3191,200,true,,"LoadTester-DDoS Shield API - Traffic Enhancer-User-29"
2025-07-29T17:16:44.342Z,DDoS Shield API - Traffic Enhancer,"https://ddosshield3-qa.eaiti.com/api/trafficenhancer",GET,3193,200,true,,"LoadTester-DDoS Shield API - Traffic Enhancer-User-28"
2025-07-29T17:16:44.325Z,DDoS Shield API - Traffic Enhancer,"https://ddosshield3-qa.eaiti.com/api/trafficenhancer",GET,3211,200,true,,"LoadTester-DDoS Shield API - Traffic Enhancer-User-15"
2025-07-29T17:16:44.326Z,DDoS Shield API - Traffic Enhancer,"https://ddosshield3-qa.eaiti.com/api/trafficenhancer",GET,3211,200,true,,"LoadTester-DDoS Shield API - Traffic Enhancer-User-16"
2025-07-29T17:16:44.336Z,DDoS Shield API - Traffic Enhancer,"https://ddosshield3-qa.eaiti.com/api/trafficenhancer",GET,3202,200,true,,"LoadTester-DDoS Shield API - Traffic Enhancer-User-22"
2025-07-29T17:16:44.341Z,DDoS Shield API - Traffic Enhancer,"https://ddosshield3-qa.eaiti.com/api/trafficenhancer",GET,4142,200,true,,"LoadTester-DDoS Shield API - Traffic Enhancer-User-26"
